2025-05-11T19:11:32.947Z,BUY,HGeX7FoDP9w3nG9x19gtjwEvQhthoNukyrsVrK5sSMx2,0.015,https://solscan.io/tx/334GEWE5PFSM2Bdp6tLdcwAuncC1N7rmUvmC6UV8AVZzJgysgEmYaa3aCtiRMxVVbar9HneqqR2xgG2MWWNKjE3u
2025-05-11T19:11:37.865Z,BUY,7TrarEutbpibKiZJfiXoUTdnAkpTz3U5mNQ7imzKTpxA,0.015,https://solscan.io/tx/6kHPpGm4dwVCBsvz5X5TT4bKQncpToGqSqvGh9Dm4Sr7xtmqC1Hir8RvCv66UnHNxi3Kt4ZeZoYTrqmtbdLvvah
2025-05-11T19:11:39.075Z,BUY,BWrPhpLrtwwRpio5GEuZ6znNeH3wqtJoesPBAfzMetaL,0.015,https://solscan.io/tx/3hY4y2cEhYTvztVkaGqqVfuyy134HdqhNEWn4fEmaY6wEQZ5Yg61RdyWvSYnA3oWmfEyMzzdbZ2yTgEGb1bS4i5D
2025-05-11T19:11:40.990Z,BUY,An9gMUQEvRrW5byssm4JHQYN3m7yQma4wthjM1fqc6up,0.015,https://solscan.io/tx/2uHJJFTnYwVmjnM4bYToek2STMydbTHfD41b2Dy4RZJqiWFGTeS5GP4LsvpjJ9vHWAve27BcuJ7gGiRqnTBpkdPL
2025-05-11T19:11:50.124Z,BUY,5FWkmvu73LAiYH4nwHkWfrZCutRkZ23E2C7KkjBMVEes,0.015,https://solscan.io/tx/2qaVF8NGSGYRRKFSweVKdaw5xNwR3znjaAZwhZnDcRrnRGTTsorph3MSRkT4S2T37M3emG36pcGyQsWbtWPHJDdG
2025-05-11T19:11:59.615Z,BUY,CD9kqpqn42McYohVEzh1LZHVXceEQhupKzmCQzBJrhKj,0.015,https://solscan.io/tx/h85yBGdf3aCo3XrrsKyaPa3NQWWyb4EgxgfWHSH3DfbGpaiG9NN845oF27EcrmVPTSCStoVxP9jZwSrxot6a1aw
2025-05-11T19:12:08.669Z,BUY,2GRXtJgrHg4aXTEsFD3w5PFfsN19hasnKHhuzg98eMuC,0.015,https://solscan.io/tx/aL9e4DDBGGVWCGhU26CpRVfq14Dmzun3ge5JvLgDs9XcXixtmRbxjcqMjRZeMkvGgkkUcwT8bw6eDocwnkaqTHG
2025-05-11T19:12:09.776Z,BUY,C6Aq3rSpTe8pAqyCv3XUgFTJbuxSmiEJRSStnJdGqQVf,0.015,https://solscan.io/tx/2QRtmzZG4Uh5aMcwQempcW7tbxMRHoTf6nsfD9R7wsSi4Wt9H5LLykVH664vqq7ZA5Za78SGP1qTFiVTBpqwN4vo
2025-05-11T19:12:11.207Z,BUY,6V55NcTEeG5N9zGHQHeQRtdTXJerSuoiKNTBadUPiqtV,0.015,https://solscan.io/tx/2xxEwn1Nj4bmr92tx9mQKm2Rmn46BECfZVbJWsovBgRifKnowzCLYVbZAzVD8ZPHBPfkDdv5WCKgjRQLkVvt4neC
2025-05-11T19:12:12.494Z,BUY,BHuxX6FNpT63jANRxzs3Qh2EpwSzcKFt2jFSXPfzzkbG,0.015,https://solscan.io/tx/5ZAgrD5wShAfgCHh3Wz9YHidrqLK2f9P11MgYVstxfJmum8rJYQ6DeZ19bq8aZd93AibMRqaKipitE7iG5SrmZeN
2025-05-11T19:12:13.826Z,BUY,AodzMZnpkpqdRnS3n6yDdnhrphgzuzkB5wchLmcPKKSH,0.015,https://solscan.io/tx/3KQE21ELHLmvQj1C7fcazEvzJhJ8TVHFb8L7M1F9DKmd4FJQA6yDzxSakELv5D1kaYhPnH6XTEvgoX1cUWjHvSvv
2025-05-11T19:12:14.919Z,BUY,3MVWWyFPG95Bb5e9BqjH7v3d7zkSejYfVFrhqZp95BZ3,0.015,https://solscan.io/tx/5jL2FWsjSWqMFYndTqAmsgfcZSpgbdPFW6Es9SuWijUnTxrvSgfRfpZZKreXYDKQ5HvTeAUdw6icQQtkSqt4vJWv
2025-05-11T19:12:16.706Z,BUY,DLT7wSyLJbsVMj5Q49sBhKjz4vNefQGqgUumvbw4b4ut,0.015,https://solscan.io/tx/36ECDANAJfz2BX8HTYPgwKQDCPhmQyGMHBt7Fx6n387MHXMRQC6meDZZZizBQb2ZY6J1BpNUsmv5bUMfaCKfRfJy
2025-05-11T19:12:17.810Z,BUY,AvCcbUMaB8GTSxaHXYyui8yn5pEy9FLuVaawKzM8PvAs,0.015,https://solscan.io/tx/3FEDZivorgsquia4j7icgWZVXr8F3qpMt2Xk1i9Wscq3RFzYrZMTBcVrcJ5ZZVDqgpuq8HDE7LFQwUMV9Uco2R12
2025-05-11T19:12:18.982Z,BUY,9WtyfpEhvHoxXzDbk37oG54ZCMcaohjQ8bT7s3QqhZ8t,0.015,https://solscan.io/tx/4FjjKRpn3rrU1Ky1NC4EUsbzg73GPnjto9chA8FujKnCMgUMUHJGzxFXzkvohoqSBtqhccKY5cipP5FgFLkb4MzT
2025-05-11T19:12:20.300Z,BUY,HKSx7NuB8FaGnxEx8hxW7gDcd1nGtG4Bux2miSiHML14,0.015,https://solscan.io/tx/26jqaFDiQCHFXS1NJ5Ymr4cuN3GG7iboNxqvgSeMPZf7bdqJsg1viDB9GWEDPkHAHdx8T5hh2YAb6FkzDZpTp1xt
2025-05-11T19:12:23.484Z,BUY,HuxDiqtUysn7ofZUvYeUDGkwMrz19WnTJQVvyS5Hgcrq,0.015,https://solscan.io/tx/4aVjQcwUxkE5zXfX53kE5tXjrhmxANHvpr2EMhQBWiks55qMkVRXLupaG2AezKffQAcuHeMnwPxBuQ436aY5p6jU
2025-05-11T19:12:25.374Z,BUY,Hsy4qZBGpm32pERco6jkAQaJVq2rcXQneycLDoT16fjo,0.015,https://solscan.io/tx/2ScdQWPEBbnygyHKQJbE8ydBDUPzfu2xkbLbDmUK5Cxbwep6tBqwcuPWafDWKhbcoHL1jgGDyjt9TLN4LAKjMSfo
2025-05-11T19:12:28.019Z,BUY,oxVsAfYC1Yq9C3BxdRqw6Ftp1MhgwCGKUvyDsCZZegb,0.015,https://solscan.io/tx/54rQ4GrofsA2F5HEAn6KMLTYsqtz9AVidD4cDALnG8ozDrL6QpB5WYYvsCqhaaWQz1enShRzjdLwYFpdhrFQr8E6
2025-05-11T19:12:30.616Z,BUY,5WVQ8jePtfnZnDWtoXrDMFjKh8k4gmbQZKo5RxUZ5nfb,0.015,https://solscan.io/tx/Dsux6bruDUerxcePPJo4cU85wEfS1XbDoq5fZLLBf5Z1CyEgpKDR6PP3Th2AMkzaYjor8eFC1L2g7q87JnReXhX
2025-05-11T19:12:31.715Z,BUY,BUezXp7SY6LpidZTNijkkG3BqSJ8kozgNTMff9WjQkbx,0.015,https://solscan.io/tx/2LtqZK35whpxMgBndA8kJda1eQpbkGhFkgMYfrvfVnDwhXtKzZrZ7Etdwg8YqwXtJ5M6dKWExQw2vPtATP7cESA5
2025-05-11T19:12:32.889Z,BUY,HVmRLzBjAWXy3LkF1G6L15guxwNXeeKFEi8cRuUVBL5Z,0.015,https://solscan.io/tx/KftDw6o3wBuNyPgjKrRUWatzQY7iuu44o93yri3Go2msjug3g3CaC2Hxpys7mshrfHjFB498nymk9pgWDvJrFMn
2025-05-11T19:12:34.044Z,BUY,GAiR7ND63QwRGRjbXXF7fpcFwmMMqXFa9YJU2x5Pz4nt,0.015,https://solscan.io/tx/s8Z27rddryqzwGtYHCH5DYyrueN2eeefBwcgp22KxdwAnTWGjhsb8erbwpQDuKH5NbHhVR1zbzthbrXY7YXeSeW
2025-05-11T19:12:35.907Z,BUY,4qoeL92UuDFVgjhrs4MuNaSdj4m3DY2e3uwYS6FDtANP,0.015,https://solscan.io/tx/4Zj4SeLmsnvA2uKFQ4sgjNtnimJGvNTD6TqMpUe5oBCqK7MsLiaRRXKJzY913hQHahsppAo6oM16yRSmG8p7SasZ
2025-05-11T19:12:39.047Z,BUY,Dy89jxRLgwnszis7ojQsajQxySaFNX1URVZqcWAUVkCc,0.015,https://solscan.io/tx/59YDc9wZSwx75iVAjJ3tG631jwx5YmVQ2XHMWYqwpfrheMcmgcqaPKsvPHfntfLWTk2ZSK4m5hkmZCbqPmrJZpHY
2025-05-11T19:12:40.236Z,BUY,9qxSXyyiYCVks27rVg5ue79UPso4k3pJKhgfJWbTywwr,0.015,https://solscan.io/tx/QJKeAG9xF6mFJKkDaNKmdp7rZNKNQh2GpwRpTkqv26MygEtdd7XGfQ9T8jC4EErvNGT2ipDAfmfRvNMMR3SpgFz
2025-05-11T19:12:42.768Z,BUY,BMTgAkbZ7VTTVVxALqCoK3mKJx5oTiKoo81aTQGUBuBV,0.015,https://solscan.io/tx/5uuUWaUEFRjtTqeEsoW7jiAvPa9q1Ljwtsvu5QeVGpb3ykbmSeprkpsqx3fPi5oqyTzQM58ZGnwxs7rkQtbtufNT
2025-05-11T19:12:45.988Z,BUY,AzAzm3cQmRbEkWcYreW3wASFZBGzP8CeF7RjVzSigwUh,0.015,https://solscan.io/tx/59xjKySutPGmjp3A7RT7RHaWZSCHduT36JhmqUo4gi7GacCLxZ1oHXzMj7QYZYed59JpZFzgM3g34dZ9EH5ZdxCt
2025-05-11T19:12:47.061Z,BUY,EjdiGnnk2NkwRuFF68akAFmqV6XVBAD5a5JvvN5MetKa,0.015,https://solscan.io/tx/4ovm1Z9k7CKdAJNn9CcC1M1m2NNPW2XJmvrfzBW4qQgQA2odAMW7M7nJMv35UX6C6r1iHRN1AmJpsjtCiqmbVnQ6
2025-05-11T19:12:48.180Z,BUY,3NEcHAabPe8zCvvtffYjmq3KubNoeQeQ95ZDcFGZ7DpE,0.015,https://solscan.io/tx/TEvnJgQUBfYMSdChZoiYFEdwxy37mFmkSi2uLDN3pLppFCHjaQxEq9ct1jAbtUuRw7h2PQ7xGmh5CdjsRBuD3wh
2025-05-11T19:12:51.917Z,BUY,hxvhTNRoSLweuYUuQpZkD5eZaMizZMDAaDYVtpF39HU,0.015,https://solscan.io/tx/ikSCfWeeMHMjXBC6i5rysi4UNtMCqpopJ8k5DpTYxee8LJSyhmfejGybHtSbaHmaeWKAea6UV9fGUpXk8NznP9a
2025-05-11T19:12:53.757Z,BUY,ApZW86H3oo62foqa48tttHMPgQFwYshG4frYpCR7gSS7,0.015,https://solscan.io/tx/5C87krMV5LtVW2MnENXofEksBTTGp87XsXvpkufLoCUoMj6v9onFXkJeicATqSJUZHvGLrqLV9vY4nXM3FtSo9N4
2025-05-11T19:13:09.848Z,BUY,H3m9ANjW2zJMFxTZS4fYxdTem1UxjHKuC22mLLPzvij4,0.015,https://solscan.io/tx/5NpdNCnovDNiE5kBrui5GJPcDacBPt8G63exJrJdN17Ts7KbQCFEYb4wTzaM4LeRhZAYWUSKguhp7dg5jTSFvWMj
2025-05-11T19:13:12.863Z,BUY,2ezTaDoMycK4Ghf1CkmoWXMbaGZKVP7JoBZb8M3V98p4,0.015,https://solscan.io/tx/1Ece51M5djSdxxJ7ptwkyziAQpNXB5Z8Sp7PtQrDfPEiPch7HHHNzdgarWKFh5vt42BetyM3RDNdkV9fndeYbnZ
2025-05-11T19:13:14.032Z,BUY,ALximrgKR4suM2ZvooUDbK4Rk9EEHSe2UdPRvwJNG1GJ,0.015,https://solscan.io/tx/5Pbj3m6U3owpLUgwPDVeLByBNtUz4q1PvLxujU1VMDowxEJwXCS8vqGBV2111C8EPsamUdRoQBUDw6W3kR61KWRS
2025-05-11T19:13:15.914Z,BUY,8CdLP5PEwTJidrwguVYxjCxQXmfCbTNMorsPquHaQxAW,0.015,https://solscan.io/tx/3Fyzip1AepFvdQ4nUMHPa5t7iYphkQrdvWaGBjoN414YnDr8BAwiqzxXrLbajcZ1fmWAg2UouWfhf3ue6wXdU4Bg
2025-05-11T19:13:17.029Z,BUY,2icLSuNRTynSyvPJ63toFFKCASFJbs2zK1zzBhecAeFz,0.015,https://solscan.io/tx/5STh6k6h4xYEeqPUBBEyMTeZoB26kdQZ3P6DBBohEbGckkKaXDu6Nr84TXyVeqFBXXs9Hj77WVf1mNAZu9Ze9BmH
2025-05-11T19:13:20.995Z,BUY,5PNkjeX5N816wXVPiUitvuN4epjZMhCzcMqmQNkeHn5n,0.015,https://solscan.io/tx/5Wj2dsS9Mh31GmPKymUorqisBFQDpFKZWSTvWXzrWYRUuEQKqUaUZoRU5Aitn36cuq5iriHfc7qGsJMDTuvS8KHP
2025-05-11T19:13:24.270Z,BUY,BT4N36BEce2Kgm9LKWRyWtdZYgoovhCqpAtd18ZjDrGB,0.015,https://solscan.io/tx/28gPK9S9aVLJEbr6gvcDKvNRngUQeDxxHKZygP6FFKbGa4hCHDRzDENKWBRVwf9z1NpzemPzwEFWUwGBXUK6WqeM
2025-05-11T19:13:29.152Z,BUY,ENFJSGCxJsWeJS99kq4U6ZLwMAx5SQ6FnBb85aCisJCQ,0.015,https://solscan.io/tx/c1XTupNiTGs65fVp2UgkDtmWUG5bB5pmRTtXRxmJuLu7xX8cD58a6gM2grRS8ZnybTf6YztuCXbYhMcxrPZt4cp
2025-05-11T19:13:31.101Z,BUY,AYWwAFWkbmFSiK4NxuRzqQZpVruvNUVnjqxPEPZpdEEh,0.015,https://solscan.io/tx/VVAuYD125UwJ3z8hnaHpPPqpNUTWzjbaYD5eCFsJ42C3rzzvbzG5F78mBhA2twPpa7a9PbQELEyHPtZ5Xtj7j1r
2025-05-11T19:13:32.211Z,BUY,Ed4GQirs9Qoxm94TkPujC3DwKFnK4K947dbPKF948C34,0.015,https://solscan.io/tx/4ZaU2N2XM8EikvjBBQ2exgHqdFp9FQe9ewCYaAbkWTG3Mx7Qh3TF9E7XAAnFRwPMp5FEL77ASCTuXvznK4xxR93Z
2025-05-11T19:13:33.670Z,BUY,FcxuVX2EENieWWJ6zkJAb2aeaTonnUtxTvt2ojU9HMW,0.015,https://solscan.io/tx/4rV6C2Q84puRZc4VVcNdPjASSFWrc2STVScYtzT2J8BYthAkg67ynn6zyb6oLcSAzsWi6zvF7L7NqtGmFXVBdQ3N
2025-05-11T19:13:34.799Z,BUY,2hCNBCNBmasnXrHmkAgN9SPaiXsesPwyPxAYSBcegKjo,0.015,https://solscan.io/tx/3ssD84D1kUJisfBngBH2Kpz4dy3yTGhCH2J3w5SPgssR3sVE6L1rnovsYuv3DHBh2SWbL8AomWGL27Y4xafhW87b
2025-05-11T19:13:49.768Z,BUY,BCpyxg4ZBL1HxRzr159zRY4s84gtaqvojNdQH1Y2K5Zf,0.015,https://solscan.io/tx/5rCBT7dg1CUGZeU3akzAc5ptjkCAfrgigT3f7xSvtQex42gnYJKFBECXfXNcRHNJ7mQ86RvQ42qRp53rfN7f2Rzq
2025-05-11T19:14:20.690Z,BUY,2kpsCv2Xoti9eUWkYaDE9f4FzpfGoj9KeZbTy4aeYHw8,0.015,https://solscan.io/tx/2htwmkAcsxFWBsmJq76t1EbwzYqgVVzXkn5yHV75MeWSfuEPK5qeN6vm3b8kAZKzsKy6HDadMRQ5Xjas5e3APZA5
2025-05-11T19:15:07.865Z,BUY,7oCXC6629gLXAvoytbYzNVZnjBNdci19myi9sQUEwXPM,0.015,https://solscan.io/tx/vvrYU58QYM57jpMgwT71Xnhw2o7GMS8o1fggkSWMH4RXxuHBVtDdTUhds4v3v9JGPTVZrE2ssSJrh51T1Q5RBn7
2025-05-11T19:15:17.034Z,BUY,6GMN5RxEydVYsNx3VsjUAf1JuHic8TD67GGvYh9AmRhA,0.015,https://solscan.io/tx/58yT5yBWXopwJDaHM7gW7Y7JSDXXGhKk6fHth15JSrc8LKU1c7r4K4rVoc63XBfNanCgSvdg6msH32SBv2YobQGJ
2025-05-11T19:15:34.573Z,BUY,BWVoEBfEbX3PMm5LajrqX4c7AGqbqsVzg35bM8sQP3DY,0.015,https://solscan.io/tx/2GPqb952hvJFvu3KnpuKPgwqToqLkH67FJBSgLFe7bTPRQj8BvFzveArEwvmevC8N6yBfp97i6EXJF7qGoLZ62Kb
2025-05-11T19:15:49.880Z,BUY,2v9wwUq46dMqSSnPTB1MAGNKG9aLy6GBwXhcF7z769rv,0.015,https://solscan.io/tx/L9kFmospEKWPiqzqifuYZJZ2gCpfEr1arYnboycHAR8eogEw4ouw5EqKmDD9p3QWQMuJoHxiBJVVEsgRFM1niYq
2025-05-11T19:15:58.753Z,BUY,5NLD7r1YQtKyqvG71z2a3yBBLuX1KR5mKWCRfFSoB5jv,0.015,https://solscan.io/tx/eE8DTzZJuj1jNE8hv9AxawLrs7as16aBHfttDdBMq4nLaKUsE7692pekMsfJqf2RW2dU5puNC8uxTb6tYCkMbrt
2025-05-11T19:16:07.380Z,BUY,2Zrf5PMUSNdGd6zVWjaFdVVhqBVhrpSXrMgj8tFcwGkb,0.015,https://solscan.io/tx/2CyXPeK3GLFjrw4mc5wGgEp2gcXkKJpR7BctUWSSappQ3Eq379VEaVwTUsFzr4p5bBERCUdRobiTpdzT6yG3Ww9S
2025-05-11T19:16:08.638Z,BUY,6tYs33zLGDiLDDu6yokhg8YXPcC1ULezoJPFm8k56W3,0.015,https://solscan.io/tx/5v9hNbxs7TVZhwPE6A2KxjRjHee3Rd7JtgxysYKZt14wWmnAQUQYHL2i2icNB7KeCsVJwATbsgWUqAhNHGyWzu1z
2025-05-11T19:16:09.850Z,BUY,8zcFQWoL2BLdvc7GxKCodDZwFC6xYuZBPxQvRPdLaMzz,0.015,https://solscan.io/tx/3YMP6P5b5jFTeruyNyES4du54qY8bA4v4mGbsqQFo1Fq5uZiLKtWyDsT7LtFzUDUb9ww5LiefqNHPhzVHYYGa3Vi
2025-05-11T19:16:11.029Z,BUY,CUtT7ZpgDKm4BDYbdMqQT5KjWY5JVjAavPjV4Ds8H7DQ,0.015,https://solscan.io/tx/5fa85FVJuv7P52AJzZtciBRf2c9kQCkP7XrbvxD3VxPjCNjTJCtELtP4njrkx6hRkuF2tja9wJVkNMFNZtSEF1Ch
2025-05-11T19:16:13.173Z,BUY,7c5rKKpEppDb4iX8Y8MJcRkxkLvwMzk111W7tEeSpyk6,0.015,https://solscan.io/tx/oYsYbWu42tCuZBDiLTbFrLYdh9mPDdgu5CsmtMsECf5EhJKDfin6D7Sgvi4brHGhtToVfoAP95ZMj6cSA9yjth1
2025-05-11T19:16:23.416Z,BUY,DsYr5xi88xkncRynvj8UpdjEwn2Cag2dt6JVHmuvKnqq,0.015,https://solscan.io/tx/TEAwii3PCCbxQgMKP39FaRwHnPMwSwmma8EKrxLQef3gqMsoWpvUusBCWjJgDt4PM6pe83Pz93XBsUxyhJFHntm
2025-05-11T19:16:34.615Z,BUY,CjXqydMRki9tTmSsNZwQ1kyFKPw3nwLKGmkUZeHf6VBR,0.015,https://solscan.io/tx/47JMVsZFQ5hz53gcqbcFzNWudBho2vWi4Sc1ba6xDNBbcrWHheGFVtwFY7KyK6DeFuwaSk8kPhaAwy4qDqGCLKVc
2025-05-11T19:17:02.525Z,BUY,5r4T6XSHKpwodMtMNCCegretGMySzdpwCYHcrKGJySJH,0.015,https://solscan.io/tx/5b5xjLbGxAsSDMzT6NikQjvVeJhPWjkE1Zy4w8joyKW8cM4y3ZnyrP5NYRcfd988v1E2ukxopavrHfXx5FwehfJ8
2025-05-11T19:17:55.861Z,BUY,Affp6vdf72adnofTt3PREoRB9oYu6cPRHPddX5ShvYza,0.015,https://solscan.io/tx/47Gro9iiH8NG6EnuUA2fAAa41nrbBvZD4hRFgcSNJwDjQqJ9H7tbnWkRjXj7rsbVr4GkDmzDeWqpBaDTZYbXUJM1
2025-05-11T19:17:59.974Z,BUY,9TJthf9EVk4beyaALQtM7d5W4wGWJVyD2pjswgGp6UFZ,0.015,https://solscan.io/tx/5gJU1KGnEA4eZZJGdmLYvb9dkdmZHDWxBJx6teQVxKg7M7142UYq9221cHEwBy7ETVk7WvxV65jXBsfab8GiMmEU
2025-05-11T19:18:01.894Z,BUY,3H6VhTptCv187QPG5SYTsQngf64C7rp7EW6JPyZGrYev,0.015,https://solscan.io/tx/4HP3vcUdPZKcoEw8hjjKcxkhoSzwGgjXzvfoC4tNvxMKmrVVioh6zkRQRVT7VJQkUuCz1LqaUjXZL1eF4jjU9hdK
2025-05-11T19:18:05.303Z,BUY,4p5oQns87tC3dMxz1Zfz4pw5wQvmjGtLn2VDGX3X9Cc3,0.015,https://solscan.io/tx/jtXLDJNwQCuRGdMqo6bMLjShHbYxmDJUnaVUxTsda3aofJrR6u2oXhXZouPWZfSAgShU6vPeH7758aB8oqnbihD
2025-05-11T19:18:15.198Z,BUY,ASZUv1vzdjjkZj2c85hir4AF8gD3vnGg11haNoD4d6JM,0.015,https://solscan.io/tx/5wRQCZLUWutPiE65T22ssgKvUyRa6cZqR3cvmETKfNrJBdjkMLzvBjis1oU81XskUhb1vgjY7FYbmQdP28Znd3A6
2025-05-11T19:18:38.187Z,BUY,BMSrZU8KBgcRVQGxKyY34HjxUUPGckhvsEz4qapV5fMQ,0.015,https://solscan.io/tx/2ZEtx6e74xVuLmyfVbyx1zKWXkuX8CtqCm6hAVaR3L8GM3Uv6DvSBZpfvouEqqn7u8k7tysGogNWfyJS5tVpMJ2Z
2025-05-11T19:18:51.883Z,BUY,4iF8aDBLLP8mWwCujmcXQrbB3cEx63C6PGEDzYV5v3Zo,0.015,https://solscan.io/tx/5EUNdcjSCamsbkFasofp4ckXfwtDboKG6Pac898ezM2sVZ4Xh5PXBk3HJxg3Kk6CmkK7sUMZpaeX7daHVBXYXdr1
2025-05-11T19:19:30.928Z,BUY,9BCiNLiHGDkw2QArFcEXnkfHZsBXQJWavxJeSoF3ZmsW,0.015,https://solscan.io/tx/2GYQnuZGWysRvVz3edQ7WEkAvRv7QZzc8qKsa5L5vbnXioMYh1FEJu5WdH6CvxxRsdYYS3Ft1vNJbXZm26GM6yv4
2025-05-11T19:19:47.970Z,BUY,HvXyhA6zh4YPT5d3wbQ4S2dR1wngdsCXYFgEiPgFgaop,0.015,https://solscan.io/tx/7iBd3AuBsQbKwty1ncgetuQ3NHk3RTj8634YEk8PGadmwkrGu4y8aCJK54Eb369WGdjhiY5W3VxE7CNk3Tpv3rp
2025-05-11T19:20:26.056Z,BUY,FrEyj5pzy3ZaRWeAyjgqYfUCyQ9J32dmYXWykEGM6QhF,0.015,https://solscan.io/tx/5t63Rnfv9SKdrKaZEx6VT7pMSUQWpUQi1mad6G9fe1ka2A9CjqbCUaSJNrpu771BQmWM3HZDQ1EU1gX8Eo9aKg8R
2025-05-11T19:20:57.908Z,BUY,4HtiLFSGeqRmNFCeaswYCGEyLjVqvKe139xdW9WqiHw2,0.015,https://solscan.io/tx/FapMXfh1Ea5mJC7v2Ud3m4gifbYFisx6us8i8FwHBzeRF5QPUzdtbKFvDNcq8UPyCsKvkCJ2vErpqwNQMxtRXzU
2025-05-11T19:21:15.691Z,BUY,84PxGoD3RL4opackrau8TVkEwiNRpeqwTrtoXjLVs5rp,0.015,https://solscan.io/tx/3uzQ99oGmceJBdwRqg3rwq4qYYWxZL4hQYQReY5brNiLFV2fPaCSNcryXeeoZtMqgzs2L8zNWTNYSsx31PLSCxaj
2025-05-11T19:21:30.627Z,BUY,9HSW7K5QuoSYEFfi1ijXUEZZhhyiQ7rkgBZdkAcPPTPc,0.015,https://solscan.io/tx/4J2GadwAAEVc75EXyRrh65b4rrtVon226XJN9XVSoUrqyBFQjhLUG7rHD8Cs8scQtc6GrFz7aLHzmksZ8LmxBDaW
2025-05-11T19:21:45.823Z,BUY,85RhUM4NfEhTkPSQPJSkMdo7KfuraWsWHHw6sJ3bE9hh,0.015,https://solscan.io/tx/4Cds64juMujM5EYHBGCSuBSisBE91Dado36yNSMfe9UnSvMgeN1FB6Sbs8ksTsQjtcvzWVjTSXTeNRsimHXQ31j4
2025-05-11T19:22:01.102Z,BUY,4oUYecgScAXsFvRxpBZKbwZoLNDaWi5Q948T8DinYcyK,0.015,https://solscan.io/tx/3zxD3vxXimVQNaNPsWTjhungkSAFDEk4SLGWiGynbVvzdzww6RwXk7RABVW32qSF3HNcFJZT34KvPpKvibRKuXW3
2025-05-11T19:22:19.835Z,BUY,3oQVURkWReWTQzLv2QRiian2rxt6t6EiMhttNcvH7vvh,0.015,https://solscan.io/tx/64bKHVdCbXbVmgRWQe7oK8hfGzKURCAdSqzoRGmWoykdFVwCicc6BHuNMGC8BMcnKpxkFLnbMNiKfWkp72o6TFH9
2025-05-11T19:23:06.190Z,BUY,HadXYv4gSA1HZgxAJvz1zHDrqwpsLYy92stp5E1ukA8r,0.015,https://solscan.io/tx/3AhLVM9xsyAv7fXfvA5C579SoYpbgE3QECtnCvCc2n7eLg2nxuZRFp4Xz5kEjf61ipMFDej3DMJ4CR5g7eavX48Z
2025-05-11T19:23:53.058Z,BUY,FCNFHjGisrKdiKadixpCbWgzcGrDrcYdxjT25WcAutwv,0.015,https://solscan.io/tx/ALshi5pCFZmiY4K4rUBZa5wsFJbJsfjB46NiXpMDGLVt8xEEPy8JRfXLmASW4A8mGi2RDHFRU2NnkCSETYxurYi
2025-05-11T19:23:57.491Z,BUY,9rNzYYdrWmuG89R6wMi97Me8YmyQ8XCtpqmNSYs9obC9,0.015,https://solscan.io/tx/4qocdDBYuRRjfz7CPyS1szPupt25P4Lq9YpZ4GFnuzBD87fiAiiM2Kjg1BxjpZEtxwyxeqPpAU14wQSRY7v2DVmG
2025-05-11T19:24:02.567Z,BUY,47DCZVNsFPDSHBxmiy7voof8iY3zu9H3mTDkYaXFn8hk,0.015,https://solscan.io/tx/2wGJcyLUMVSRwEbwopuXzr4xrppbPcR7WFRUhWgm4Fjj5gN8LXDSZvxs472ixPg9bhYNo4g7ZHSVEfPVJhqVGxpA
2025-05-11T19:24:15.441Z,BUY,9K2aCsouorcxNUxCC1xufPZEEBN2aYcu75QRfujVnPYJ,0.015,https://solscan.io/tx/4zbpsZjpjhiZgDaJsgLjQGKhVx7M31fsU5YHZbgfzBSvsVL7WJwrfvaZGdVWqRUjiuoMoc4cbAABJU6nnFEc5Seo
2025-05-11T19:45:12.975Z,BUY,DUMKf7X3yh5qDCkueF4MpGX9yMsq7ESwjDY3bhGYewoS,0.015,https://solscan.io/tx/2jcLjaQuLskR6W3etFdj1N4bDQddgt51JoVsQ4vN2qneyRUUQPPCjri41R4dSQYNuiQ5pnDc26AmV8NTFvi35ddr
2025-05-11T19:45:25.687Z,BUY,DKyUgKjoKMQuc8ojRKdRspC3AGYKoTeDWUNYFhZXMC7F,0.015,https://solscan.io/tx/XFechFKrtTxvsdTYKReaxBqiJp24J7ajMKQyVwQhS1GL3fv5KoiJJ4kxaeqKx8iDiuFACgRE1Yy4N8LQayHquLg
2025-05-11T19:45:28.290Z,BUY,DyGV4D7FC38pWyzMPNEeS79bYzJjqefiBrLFBboQcb81,0.015,https://solscan.io/tx/3NEw36wBkmkdfZX985hFs8REfPKTFBNbLndkXSMAwWCsgW9yr3xFpMFx98TJL2X6vv7WF9nNyEXHYQcuFkBAqJ3b
2025-05-11T19:45:29.779Z,BUY,5tvL5yXdz1sNHXYJ9aR7QyigLDYyxuBCtQCxQpB4Y5D2,0.015,https://solscan.io/tx/5TNkKbQhzL5rxyyjEXrnbd3MJCQFo6mjguGR25gg6CJJ1EusN9AWQPcSGNDYWwu8fZUNK1keq2KHrEHUiDxN3YPx
2025-05-11T19:45:32.766Z,BUY,Eb4HzrZ6rJ5CZbGsnYqpWmL5aqFg1haTpHqtCgG8u2ei,0.015,https://solscan.io/tx/5FQhF6fEbZHLSKSpVCULkUrvzN6jtXqQwDQkpmsvVQFqrjURB9VL1P8wUr86RercZpZqynm8gzdTzAJWVUrMxFkY
2025-05-11T19:45:37.905Z,BUY,HmvLJk2oq45K3sQ15jx2xFqxX3kT3vyA4BmN3d6Jyhgy,0.015,https://solscan.io/tx/CMAaqokrGS3tMJDQ2Dnu7o5AkeLwVNRjuVBBJNuofVHyrVtqL7L44ou1vE6hGRkfr6Skda1W4YGwT4DoPFPLjVw
2025-05-11T19:45:40.089Z,BUY,Fj9DizG96ZaJBSv5TrxHw9bD9SwdbDjqbLFaxMXUyoQD,0.015,https://solscan.io/tx/2LZ2Xjg7xfPhcNTdcW1kwhyazueg4bjWGNeejQAo3sprPkC8eMmzA6UrJGkfVX6fLFQV4SVgpxZ4f7E39bs9dPA9
2025-05-11T19:45:42.196Z,BUY,5JZe6FAqBxrYexHSoXwPpP6sxCLSQkvmGHkCLhseHSvJ,0.015,https://solscan.io/tx/42RomMh7XvUxi8CmKgYv4mNFmYCQHg2u7SS8yLbg3ixRPFN7NH1zgAcLvXwxbVAm5xsEBzQBMzNPfwbJVPLJZ5mP
2025-05-11T19:45:46.824Z,BUY,9qLY8aEW9ra27thfSjtj584rEpv8ULa1SUqGFxXmqcEo,0.015,https://solscan.io/tx/44Z9bugs3PknofA8nMy6ARkhBmpLk3Kjxff3JFGNpdG2WKKxuYxbu5UcSgifPk56fN5mNiAt1o6y7hsTgpwgyQ3e
2025-05-11T19:45:48.046Z,BUY,DjSSwBxJgsZVTrNWj18k2GrLyQS6Gepi8m4qZK1sRx28,0.015,https://solscan.io/tx/9bC1sHqFWUUEosDcQQx7YvYbgvd32nYftDHBxmz55uwp95k3sDzMtms4so61M6PV91KHcVhzpTV5p6D4FX5ZLFm
2025-05-11T19:45:49.811Z,BUY,7KoP262psrFiQ9YbnsjpZfuuJt9rW4xaZBpJWqHhKSYx,0.015,https://solscan.io/tx/r3f3ubfFHt75weKwXg99bZz1BiywKoq5MBv8DPfR2716wMcyX4AmoukQCZgvSNrT3HGQE3XYcUnRYAdNNLn6mab
2025-05-11T19:45:51.066Z,BUY,6GRDRxuQEHTWaXsGB6govEXoBofnWX8gN2Pr7V8KH4tz,0.015,https://solscan.io/tx/4EYeSt8Jf9YS31Na9dDenKsgc5kUn51ujRsoZuHXCcmpPZpykkHosBX7n8135wDmnZTg2mYD9e7EYhS2ZovMyzFv
2025-05-11T19:45:52.902Z,BUY,HHTwb4wFChf3qcbfuu6MicjNH8kVE3UbA6q9srjGBQ2U,0.015,https://solscan.io/tx/5SVRr8VNoSWfp3tGNiVcfPxyycbPnZaNTDzQszyxHU7BGQ8eK7kaap2gpMjamZ4D3PFVDeykZFz1Nd5xDPZbpNK2
2025-05-11T19:45:54.808Z,BUY,DX6dxC4m4dBcvEAuJCCGHe3h6QsUVV95NEWeF2CfNxCs,0.015,https://solscan.io/tx/59rZSUpZE6Z3FX9WQ5pHMsJ2gdvHDGb2gtdSM385jp3sBMmvftx7oQ4SGjoxrrjWNV7unNPJdmeRDLixQySat2pS
2025-05-11T19:45:55.969Z,BUY,26hrcAzuKmrTnjcP3WQjAGXxWXtNjYUWbYUjsyYZEMQq,0.015,https://solscan.io/tx/3avUsSJvUq2ZnKUuLa1i99aYZ2dMCqK6y95puqXPMcX1qH7moxRU4mAwv9hNs4HJyySCbxYMH2abhgMYosVQbfgT
2025-05-11T19:45:57.072Z,BUY,2achfJTVapQoUn9QaBcA3v9qWeEYcDd5iUaiEaLYfEW3,0.015,https://solscan.io/tx/3Q5MwcUqbCHKGAtah5H5caDnnMoMd6Dj7YqnhEyLSMCBcJDyJe27QHtAE8kHVwpucfX6fV9hR5enxLS6iQK8uyvQ
2025-05-11T19:45:59.645Z,BUY,DXXUTxZ6cLpXN8WvifsYZyf45FVB17iL3MmVsFYZw6bU,0.015,https://solscan.io/tx/TgYNj1VA1HqJ5W99YUmj3cLWgiyZaP5aZeKV2DW8QKidigfWRGcLrpzuQwVzRyuriKR99gGSEVE8eT56EEGLmqk
2025-05-11T19:46:00.816Z,BUY,8A4tBCJn8ad2PTCXNBd39Fg4LmY9QCA8mHHrfDyq7u3d,0.015,https://solscan.io/tx/5b672MX2fSp9QCr1nM1gGHa6FWmydyrTN2SERr62TxbqvtGMZD6MCvjP6SnyvwcvmqY8Vwa1PfQaHem432zLRwjS
2025-05-11T19:46:12.202Z,BUY,3suoJN67VtcidmYhX6MaN6bdWS9P6NtMBAJRf1UGviPS,0.015,https://solscan.io/tx/5kCyhoiHHVTnC6K7v24rfkiDktby4mv2Cv61VhWEkd6zqTomX4X5R8HM57LyjQnoKmWEuokomj6Lzf9E4QdmaTWh
2025-05-11T19:46:13.467Z,BUY,DHNR8pQV6RgqQR1b8bh4tdK9zSH1QPCiK1M2xRrGJhx,0.015,https://solscan.io/tx/2VES9xDM7rbkUjo6MKTAxsSLLJm3L2XtQ4mxWSJNf1J7SsAJ77mboj7crEyew756ukxi9k6VkK6WpECvbQ9sH2C9
2025-05-11T19:46:17.381Z,BUY,9eSmBoWvvAwUXNkcT2wrJQwK1VGCyQM1Wv1KCyJmCbDH,0.015,https://solscan.io/tx/5KsUJyp1wEZB1mrNxiEQpxuRxiqdnpwaPgrPHoM47Mz5NjydH6smiDU4PmuvQ9nWpXpRGKiDNzvMhUrF7EbxUhwB
2025-05-11T19:46:20.792Z,BUY,F6roHxqoH2YFG6LB5pmxF4zqhJuDfZzFvRQGZbC25NdX,0.015,https://solscan.io/tx/wg8fezdh6pUF2KS2v5YSqr5qGATGbpRVEeqdhnqb2KxsQeK5UQjVsG5b81eHfBGbABWfqQUoD3tpv21qSBHUTMa
2025-05-11T19:46:21.940Z,BUY,A7JBqFbL4nrrG4f6yogiGgQB8oDDKx3EL2MXQpEdGDPh,0.015,https://solscan.io/tx/CXvjXaHgQ2tKXBuJVxUuTBimkCXNfm3G9NcBU4dhntU7gZf3XFuyn9vbjN6UgTYUf3KZs8KjVzWV6jwYy1eZcdd
2025-05-11T19:46:23.332Z,BUY,p8qvgnQYyYKe7ChebWcfVB5Pw3rWeAaxERUscP7Y8ZF,0.015,https://solscan.io/tx/XFaAjjneVzXfi9fxSLSpY4odKkrMpFgLBMR7n4cetbHswQv7YDRhKDxHr7AEFhNaKV6DqV4dv5bHP76WBXjMy41
2025-05-11T19:46:30.755Z,BUY,6UN7g9yFbRAJVfR5ckrQMvnMgVgaLB6wvkoYjfUeBMwq,0.015,https://solscan.io/tx/52MqioPaqEpxp4nPrUikL7YA1GVhiXeBp92F9GFp1oz6a59rrnisWx8VxwiwAsLbG3S4Kgu7FPBGjFNJpYQDfhqy
2025-05-11T19:46:35.029Z,BUY,38AeDBCjxZNqLDAYQyKNnvAYHT1p85f5eoNa1Xx2R5PJ,0.015,https://solscan.io/tx/52dhAKdgnsJBTjbtgnDcHDNGTK8cSuSycSiaNtDV9wNPPia6JYk8VKUgbYMxbwC563S9GirSSpk9pigPEsq91RUF
